{"val_loss": 0.6296444535255432, "epoch": 999, "trainer/global_step": 21999, "_timestamp": 1706508334.977451, "_runtime": 1818.2514321804047, "_step": 2439, "grad_2.0_norm/mlp.main.0.weight_epoch": 0.02989153563976288, "grad_2.0_norm/mlp.main.0.bias_epoch": 0.018838630989193916, "grad_2.0_norm/mlp.main.2.weight_epoch": 0.03330765292048454, "grad_2.0_norm/mlp.main.2.bias_epoch": 0.005047976039350033, "grad_2.0_norm/mlp.main.4.weight_epoch": 0.1715148389339447, "grad_2.0_norm/mlp.main.4.bias_epoch": 0.00566519470885396, "grad_2.0_norm/mlp.main.6.weight_epoch": 1.0181108713150024, "grad_2.0_norm/mlp.main.6.bias_epoch": 0.06677497923374176, "grad_2.0_norm_total_epoch": 1.0373135805130005, "train_loss": 0.45290541648864746, "grad_2.0_norm/mlp.main.0.weight_step": 0.05900000035762787, "grad_2.0_norm/mlp.main.0.bias_step": 0.035100001841783524, "grad_2.0_norm/mlp.main.2.weight_step": 0.06769999861717224, "grad_2.0_norm/mlp.main.2.bias_step": 0.010200000368058681, "grad_2.0_norm/mlp.main.4.weight_step": 0.32089999318122864, "grad_2.0_norm/mlp.main.4.bias_step": 0.009800000116229057, "grad_2.0_norm/mlp.main.6.weight_step": 2.4863998889923096, "grad_2.0_norm/mlp.main.6.bias_step": 0.07519999891519547, "grad_2.0_norm_total_step": 2.5100998878479004, "_wandb": {"runtime": 1818}}