{"train_loss": 4.173546314239502, "grad_2.0_norm/score_estimator.main.0.weight_step": 7.610499858856201, "grad_2.0_norm/score_estimator.main.0.bias_step": 1.2308000326156616, "grad_2.0_norm/score_estimator.main.2.weight_step": 6.293700218200684, "grad_2.0_norm/score_estimator.main.2.bias_step": 0.4180000126361847, "grad_2.0_norm/score_estimator.main.4.weight_step": 7.587500095367432, "grad_2.0_norm/score_estimator.main.4.bias_step": 0.2467000037431717, "grad_2.0_norm/score_estimator.main.6.weight_step": 12.440899848937988, "grad_2.0_norm/score_estimator.main.6.bias_step": 0.34299999475479126, "grad_2.0_norm_total_step": 17.656299591064453, "epoch": 999, "trainer/global_step": 119999, "_timestamp": 1693032831.8719883, "_runtime": 3584.187610387802, "_step": 4399, "elbo_estimator": 195.54107666015625, "grad_2.0_norm/score_estimator.main.0.weight_epoch": 5.279829978942871, "grad_2.0_norm/score_estimator.main.0.bias_epoch": 1.1177818775177002, "grad_2.0_norm/score_estimator.main.2.weight_epoch": 6.214737415313721, "grad_2.0_norm/score_estimator.main.2.bias_epoch": 0.4031478464603424, "grad_2.0_norm/score_estimator.main.4.weight_epoch": 8.42349624633789, "grad_2.0_norm/score_estimator.main.4.bias_epoch": 0.2495052069425583, "grad_2.0_norm/score_estimator.main.6.weight_epoch": 14.004974365234375, "grad_2.0_norm/score_estimator.main.6.bias_epoch": 0.3823881149291992, "grad_2.0_norm_total_epoch": 18.52085304260254, "_wandb": {"runtime": 3583}}