{"train_loss": 0.47731858491897583, "grad_2.0_norm/mlp.time_embed.0.weight_step": 0.08839999884366989, "grad_2.0_norm/mlp.time_embed.0.bias_step": 0.09539999812841415, "grad_2.0_norm/mlp.time_embed.2.weight_step": 0.06530000269412994, "grad_2.0_norm/mlp.time_embed.2.bias_step": 0.005200000014156103, "grad_2.0_norm/mlp.state_embed.0.weight_step": 0.7232999801635742, "grad_2.0_norm/mlp.state_embed.0.bias_step": 0.1005999967455864, "grad_2.0_norm/mlp.state_embed.2.weight_step": 0.10199999809265137, "grad_2.0_norm/mlp.state_embed.2.bias_step": 0.005200000014156103, "grad_2.0_norm/mlp.mlp1.0.weight_step": 0.012799999676644802, "grad_2.0_norm/mlp.mlp1.0.bias_step": 0.0, "grad_2.0_norm/mlp.mlp1.2.weight_step": 0.011500000022351742, "grad_2.0_norm/mlp.mlp1.2.bias_step": 0.00039999998989515007, "grad_2.0_norm/mlp.mlp2.0.weight_step": 1.2582000494003296, "grad_2.0_norm/mlp.mlp2.0.bias_step": 0.0017999999690800905, "grad_2.0_norm/mlp.mlp2.2.weight_step": 15.49020004272461, "grad_2.0_norm/mlp.mlp2.2.bias_step": 0.5888000130653381, "grad_2.0_norm_total_step": 15.570599555969238, "epoch": 199, "trainer/global_step": 14199, "_timestamp": 1705903523.5628817, "_runtime": 718.0712478160858, "_step": 683, "val_loss": 0.5546857714653015, "grad_2.0_norm/mlp.time_embed.0.weight_epoch": 0.044205863028764725, "grad_2.0_norm/mlp.time_embed.0.bias_epoch": 0.03996177390217781, "grad_2.0_norm/mlp.time_embed.2.weight_epoch": 0.03208257257938385, "grad_2.0_norm/mlp.time_embed.2.bias_epoch": 0.0032117331866174936, "grad_2.0_norm/mlp.state_embed.0.weight_epoch": 0.4368159770965576, "grad_2.0_norm/mlp.state_embed.0.bias_epoch": 0.075995534658432, "grad_2.0_norm/mlp.state_embed.2.weight_epoch": 0.06327004730701447, "grad_2.0_norm/mlp.state_embed.2.bias_epoch": 0.0032117331866174936, "grad_2.0_norm/mlp.mlp1.0.weight_epoch": 0.00891733169555664, "grad_2.0_norm/mlp.mlp1.0.bias_epoch": 0.0, "grad_2.0_norm/mlp.mlp1.2.weight_epoch": 0.006856443826109171, "grad_2.0_norm/mlp.mlp1.2.bias_epoch": 0.00021368879242800176, "grad_2.0_norm/mlp.mlp2.0.weight_epoch": 0.6465632319450378, "grad_2.0_norm/mlp.mlp2.0.bias_epoch": 0.0009011552319861948, "grad_2.0_norm/mlp.mlp2.2.weight_epoch": 6.59201717376709, "grad_2.0_norm/mlp.mlp2.2.bias_epoch": 0.2222762256860733, "grad_2.0_norm_total_epoch": 6.6569085121154785, "_wandb": {"runtime": 717}}