{"train_loss": 9.665799140930176, "grad_2.0_norm/score_estimator.main.0.weight_step": 6.087399959564209, "grad_2.0_norm/score_estimator.main.0.bias_step": 0.9462000131607056, "grad_2.0_norm/score_estimator.main.2.weight_step": 3.4321999549865723, "grad_2.0_norm/score_estimator.main.2.bias_step": 0.4424000084400177, "grad_2.0_norm/score_estimator.main.4.weight_step": 5.040800094604492, "grad_2.0_norm/score_estimator.main.4.bias_step": 0.3984000086784363, "grad_2.0_norm/score_estimator.main.6.weight_step": 6.953400135040283, "grad_2.0_norm/score_estimator.main.6.bias_step": 0.6687999963760376, "grad_2.0_norm_total_step": 11.148699760437012, "epoch": 999, "trainer/global_step": 70999, "_timestamp": 1693013412.4714842, "_runtime": 4382.566459178925, "_step": 3419, "elbo_estimator": -310.5245666503906, "grad_2.0_norm/score_estimator.main.0.weight_epoch": 5.253448486328125, "grad_2.0_norm/score_estimator.main.0.bias_epoch": 0.8083468079566956, "grad_2.0_norm/score_estimator.main.2.weight_epoch": 3.0477590560913086, "grad_2.0_norm/score_estimator.main.2.bias_epoch": 0.42606306076049805, "grad_2.0_norm/score_estimator.main.4.weight_epoch": 4.504101753234863, "grad_2.0_norm/score_estimator.main.4.bias_epoch": 0.406404972076416, "grad_2.0_norm/score_estimator.main.6.weight_epoch": 6.680286884307861, "grad_2.0_norm/score_estimator.main.6.bias_epoch": 0.7222632765769958, "grad_2.0_norm_total_epoch": 10.190824508666992, "_wandb": {"runtime": 4382}}