{"train_loss": 38.40959930419922, "grad_2.0_norm/score_estimator.main.0.weight_step": 0.6985999941825867, "grad_2.0_norm/score_estimator.main.0.bias_step": 0.2639000117778778, "grad_2.0_norm/score_estimator.main.2.weight_step": 1.7483999729156494, "grad_2.0_norm/score_estimator.main.2.bias_step": 0.17229999601840973, "grad_2.0_norm/score_estimator.main.4.weight_step": 2.7660000324249268, "grad_2.0_norm/score_estimator.main.4.bias_step": 0.23330000042915344, "grad_2.0_norm/score_estimator.main.6.weight_step": 4.2515997886657715, "grad_2.0_norm/score_estimator.main.6.bias_step": 0.39070001244544983, "grad_2.0_norm_total_step": 5.438499927520752, "epoch": 7, "trainer/global_step": 959, "_timestamp": 1706600142.1669512, "_runtime": 37.64010429382324, "_step": 34, "elbo_estimator": -152.38253784179688, "grad_2.0_norm/score_estimator.main.0.weight_epoch": 0.8230820894241333, "grad_2.0_norm/score_estimator.main.0.bias_epoch": 0.22285978496074677, "grad_2.0_norm/score_estimator.main.2.weight_epoch": 2.1511881351470947, "grad_2.0_norm/score_estimator.main.2.bias_epoch": 0.16516773402690887, "grad_2.0_norm/score_estimator.main.4.weight_epoch": 3.3620381355285645, "grad_2.0_norm/score_estimator.main.4.bias_epoch": 0.23138967156410217, "grad_2.0_norm/score_estimator.main.6.weight_epoch": 5.229903221130371, "grad_2.0_norm/score_estimator.main.6.bias_epoch": 0.40620455145835876, "grad_2.0_norm_total_epoch": 6.65634822845459, "_wandb": {"runtime": 37}}