{"train_loss": 2.7659378051757812, "grad_2.0_norm/score_estimator.main.0.weight_step": 3.064300060272217, "grad_2.0_norm/score_estimator.main.0.bias_step": 0.66839998960495, "grad_2.0_norm/score_estimator.main.2.weight_step": 1.9615000486373901, "grad_2.0_norm/score_estimator.main.2.bias_step": 0.12600000202655792, "grad_2.0_norm/score_estimator.main.4.weight_step": 3.011199951171875, "grad_2.0_norm/score_estimator.main.4.bias_step": 0.07509999722242355, "grad_2.0_norm/score_estimator.main.6.weight_step": 6.123199939727783, "grad_2.0_norm/score_estimator.main.6.bias_step": 0.1873999983072281, "grad_2.0_norm_total_step": 7.765399932861328, "epoch": 999, "trainer/global_step": 70999, "_timestamp": 1693014394.1490262, "_runtime": 5342.12722325325, "_step": 3419, "elbo_estimator": 66.33988189697266, "grad_2.0_norm/score_estimator.main.0.weight_epoch": 3.365434169769287, "grad_2.0_norm/score_estimator.main.0.bias_epoch": 0.786380410194397, "grad_2.0_norm/score_estimator.main.2.weight_epoch": 1.689946174621582, "grad_2.0_norm/score_estimator.main.2.bias_epoch": 0.1186286211013794, "grad_2.0_norm/score_estimator.main.4.weight_epoch": 1.9407103061676025, "grad_2.0_norm/score_estimator.main.4.bias_epoch": 0.05369555577635765, "grad_2.0_norm/score_estimator.main.6.weight_epoch": 4.053162574768066, "grad_2.0_norm/score_estimator.main.6.bias_epoch": 0.1542365998029709, "grad_2.0_norm_total_epoch": 5.953125476837158, "_wandb": {"runtime": 5341}}