{"train_loss": 0.22593866288661957, "grad_2.0_norm/mlp.main.0.weight_step": 0.060100000351667404, "grad_2.0_norm/mlp.main.0.bias_step": 0.011800000444054604, "grad_2.0_norm/mlp.main.2.weight_step": 0.061400000005960464, "grad_2.0_norm/mlp.main.2.bias_step": 0.0034000000450760126, "grad_2.0_norm/mlp.main.4.weight_step": 0.17970000207424164, "grad_2.0_norm/mlp.main.4.bias_step": 0.00430000014603138, "grad_2.0_norm/mlp.main.6.weight_step": 0.9348999857902527, "grad_2.0_norm/mlp.main.6.bias_step": 0.012900000438094139, "grad_2.0_norm_total_step": 0.9560999870300293, "epoch": 999, "trainer/global_step": 59999, "_timestamp": 1692941479.129211, "_runtime": 2966.235852956772, "_step": 3199, "val_loss": 0.4517853558063507, "grad_2.0_norm/mlp.main.0.weight_epoch": 0.10171065479516983, "grad_2.0_norm/mlp.main.0.bias_epoch": 0.019990060478448868, "grad_2.0_norm/mlp.main.2.weight_epoch": 0.09843999892473221, "grad_2.0_norm/mlp.main.2.bias_epoch": 0.005554927047342062, "grad_2.0_norm/mlp.main.4.weight_epoch": 0.30907249450683594, "grad_2.0_norm/mlp.main.4.bias_epoch": 0.011632435955107212, "grad_2.0_norm/mlp.main.6.weight_epoch": 1.1430186033248901, "grad_2.0_norm/mlp.main.6.bias_epoch": 0.1933721899986267, "grad_2.0_norm_total_epoch": 1.218479037284851, "_wandb": {"runtime": 2965}}