{"train_loss": 8.15882396697998, "grad_2.0_norm/score_estimator.main.0.weight_step": 5.692599773406982, "grad_2.0_norm/score_estimator.main.0.bias_step": 1.052299976348877, "grad_2.0_norm/score_estimator.main.2.weight_step": 2.015199899673462, "grad_2.0_norm/score_estimator.main.2.bias_step": 0.4749999940395355, "grad_2.0_norm/score_estimator.main.4.weight_step": 1.7312999963760376, "grad_2.0_norm/score_estimator.main.4.bias_step": 0.20170000195503235, "grad_2.0_norm/score_estimator.main.6.weight_step": 4.567399978637695, "grad_2.0_norm/score_estimator.main.6.bias_step": 0.3012999892234802, "grad_2.0_norm_total_step": 7.8607001304626465, "epoch": 999, "trainer/global_step": 70999, "_timestamp": 1695084092.434656, "_runtime": 4579.332093954086, "_step": 3419, "elbo_estimator": -81.89825439453125, "grad_2.0_norm/score_estimator.main.0.weight_epoch": 3.2354483604431152, "grad_2.0_norm/score_estimator.main.0.bias_epoch": 0.5754303336143494, "grad_2.0_norm/score_estimator.main.2.weight_epoch": 1.241773009300232, "grad_2.0_norm/score_estimator.main.2.bias_epoch": 0.24128195643424988, "grad_2.0_norm/score_estimator.main.4.weight_epoch": 1.1888673305511475, "grad_2.0_norm/score_estimator.main.4.bias_epoch": 0.1130102202296257, "grad_2.0_norm/score_estimator.main.6.weight_epoch": 2.9604427814483643, "grad_2.0_norm/score_estimator.main.6.bias_epoch": 0.20730815827846527, "grad_2.0_norm_total_epoch": 4.757979393005371, "_wandb": {"runtime": 4579}}