{"train_loss": 0.17624633014202118, "grad_2.0_norm/mlp.main.0.weight_step": 0.6438999772071838, "grad_2.0_norm/mlp.main.0.bias_step": 0.13189999759197235, "grad_2.0_norm/mlp.main.2.weight_step": 0.5475999712944031, "grad_2.0_norm/mlp.main.2.bias_step": 0.04340000078082085, "grad_2.0_norm/mlp.main.4.weight_step": 0.6904000043869019, "grad_2.0_norm/mlp.main.4.bias_step": 0.022700000554323196, "grad_2.0_norm/mlp.main.6.weight_step": 3.7432000637054443, "grad_2.0_norm/mlp.main.6.bias_step": 0.13729999959468842, "grad_2.0_norm_total_step": 3.9040000438690186, "epoch": 199, "trainer/global_step": 14199, "_timestamp": 1705902593.16277, "_runtime": 534.8917081356049, "_step": 683, "val_loss": 0.5308710932731628, "grad_2.0_norm/mlp.main.0.weight_epoch": 0.18990246951580048, "grad_2.0_norm/mlp.main.0.bias_epoch": 0.035073697566986084, "grad_2.0_norm/mlp.main.2.weight_epoch": 0.19364015758037567, "grad_2.0_norm/mlp.main.2.bias_epoch": 0.013203375972807407, "grad_2.0_norm/mlp.main.4.weight_epoch": 0.3139534294605255, "grad_2.0_norm/mlp.main.4.bias_epoch": 0.009523110464215279, "grad_2.0_norm/mlp.main.6.weight_epoch": 1.5096722841262817, "grad_2.0_norm/mlp.main.6.bias_epoch": 0.0824875459074974, "grad_2.0_norm_total_epoch": 1.573356032371521, "_wandb": {"runtime": 534}}