{"val_loss": 0.5699211359024048, "epoch": 999, "trainer/global_step": 42999, "_timestamp": 1706667646.8308496, "_runtime": 2112.642518758774, "_step": 2859, "grad_2.0_norm/mlp.main.0.weight_epoch": 0.039318181574344635, "grad_2.0_norm/mlp.main.0.bias_epoch": 0.024506842717528343, "grad_2.0_norm/mlp.main.2.weight_epoch": 0.03565753996372223, "grad_2.0_norm/mlp.main.2.bias_epoch": 0.004850183147937059, "grad_2.0_norm/mlp.main.4.weight_epoch": 0.23440112173557281, "grad_2.0_norm/mlp.main.4.bias_epoch": 0.00640846136957407, "grad_2.0_norm/mlp.main.6.weight_epoch": 1.469033122062683, "grad_2.0_norm/mlp.main.6.bias_epoch": 0.10576041787862778, "grad_2.0_norm_total_epoch": 1.4957939386367798, "train_loss": 0.5856581926345825, "grad_2.0_norm/mlp.main.0.weight_step": 0.04820000007748604, "grad_2.0_norm/mlp.main.0.bias_step": 0.042399998754262924, "grad_2.0_norm/mlp.main.2.weight_step": 0.050200000405311584, "grad_2.0_norm/mlp.main.2.bias_step": 0.007000000216066837, "grad_2.0_norm/mlp.main.4.weight_step": 0.32409998774528503, "grad_2.0_norm/mlp.main.4.bias_step": 0.002899999963119626, "grad_2.0_norm/mlp.main.6.weight_step": 1.0144000053405762, "grad_2.0_norm/mlp.main.6.bias_step": 0.04439999908208847, "grad_2.0_norm_total_step": 1.069000005722046, "_wandb": {"runtime": 2112}}