{"train_loss": 8.288640022277832, "grad_2.0_norm/score_estimator.main.0.weight_step": 6.049099922180176, "grad_2.0_norm/score_estimator.main.0.bias_step": 1.0925999879837036, "grad_2.0_norm/score_estimator.main.2.weight_step": 2.2023000717163086, "grad_2.0_norm/score_estimator.main.2.bias_step": 0.4708999991416931, "grad_2.0_norm/score_estimator.main.4.weight_step": 1.8633999824523926, "grad_2.0_norm/score_estimator.main.4.bias_step": 0.1995999962091446, "grad_2.0_norm/score_estimator.main.6.weight_step": 4.971199989318848, "grad_2.0_norm/score_estimator.main.6.bias_step": 0.3264999985694885, "grad_2.0_norm_total_step": 8.437299728393555, "epoch": 999, "trainer/global_step": 70999, "_timestamp": 1695079474.7671034, "_runtime": 5503.052146434784, "_step": 3419, "elbo_estimator": -79.25513458251953, "grad_2.0_norm/score_estimator.main.0.weight_epoch": 3.1999943256378174, "grad_2.0_norm/score_estimator.main.0.bias_epoch": 0.5674059987068176, "grad_2.0_norm/score_estimator.main.2.weight_epoch": 1.2323713302612305, "grad_2.0_norm/score_estimator.main.2.bias_epoch": 0.24082568287849426, "grad_2.0_norm/score_estimator.main.4.weight_epoch": 1.1744743585586548, "grad_2.0_norm/score_estimator.main.4.bias_epoch": 0.11373190581798553, "grad_2.0_norm/score_estimator.main.6.weight_epoch": 2.9479637145996094, "grad_2.0_norm/score_estimator.main.6.bias_epoch": 0.20825359225273132, "grad_2.0_norm_total_epoch": 4.719153881072998, "_wandb": {"runtime": 5502}}