{"train_loss": 0.3048516809940338, "grad_2.0_norm/mlp.time_embed.0.weight_step": 0.035100001841783524, "grad_2.0_norm/mlp.time_embed.0.bias_step": 0.03229999914765358, "grad_2.0_norm/mlp.time_embed.2.weight_step": 0.03920000046491623, "grad_2.0_norm/mlp.time_embed.2.bias_step": 0.0044999998062849045, "grad_2.0_norm/mlp.state_embed.0.weight_step": 0.7694000005722046, "grad_2.0_norm/mlp.state_embed.0.bias_step": 0.14579999446868896, "grad_2.0_norm/mlp.state_embed.2.weight_step": 0.0934000015258789, "grad_2.0_norm/mlp.state_embed.2.bias_step": 0.0044999998062849045, "grad_2.0_norm/mlp.mlp1.0.weight_step": 0.0, "grad_2.0_norm/mlp.mlp1.0.bias_step": 0.0, "grad_2.0_norm/mlp.mlp1.2.weight_step": 0.0, "grad_2.0_norm/mlp.mlp1.2.bias_step": 0.0, "grad_2.0_norm/mlp.mlp2.0.weight_step": 1.065000057220459, "grad_2.0_norm/mlp.mlp2.0.bias_step": 0.0010000000474974513, "grad_2.0_norm/mlp.mlp2.2.weight_step": 6.339700222015381, "grad_2.0_norm/mlp.mlp2.2.bias_step": 0.19359999895095825, "grad_2.0_norm_total_step": 6.479899883270264, "epoch": 199, "trainer/global_step": 14199, "_timestamp": 1705903525.8548806, "_runtime": 652.2069165706635, "_step": 683, "val_loss": 0.9914127588272095, "grad_2.0_norm/mlp.time_embed.0.weight_epoch": 0.03137946501374245, "grad_2.0_norm/mlp.time_embed.0.bias_epoch": 0.031219113618135452, "grad_2.0_norm/mlp.time_embed.2.weight_epoch": 0.026950398460030556, "grad_2.0_norm/mlp.time_embed.2.bias_epoch": 0.0024975112173706293, "grad_2.0_norm/mlp.state_embed.0.weight_epoch": 0.40984082221984863, "grad_2.0_norm/mlp.state_embed.0.bias_epoch": 0.07138364762067795, "grad_2.0_norm/mlp.state_embed.2.weight_epoch": 0.05606808513402939, "grad_2.0_norm/mlp.state_embed.2.bias_epoch": 0.0024975112173706293, "grad_2.0_norm/mlp.mlp1.0.weight_epoch": 0.0005119999987073243, "grad_2.0_norm/mlp.mlp1.0.bias_epoch": 0.0, "grad_2.0_norm/mlp.mlp1.2.weight_epoch": 0.0006883555906824768, "grad_2.0_norm/mlp.mlp1.2.bias_epoch": 1.706666444079019e-05, "grad_2.0_norm/mlp.mlp2.0.weight_epoch": 0.8648975491523743, "grad_2.0_norm/mlp.mlp2.0.bias_epoch": 0.0007724445313215256, "grad_2.0_norm/mlp.mlp2.2.weight_epoch": 8.204340934753418, "grad_2.0_norm/mlp.mlp2.2.bias_epoch": 0.25649356842041016, "grad_2.0_norm_total_epoch": 8.319162368774414, "_wandb": {"runtime": 651}}