{"train_loss": 6.443668365478516, "grad_2.0_norm/score_estimator.main.0.weight_step": 6.000199794769287, "grad_2.0_norm/score_estimator.main.0.bias_step": 0.7967000007629395, "grad_2.0_norm/score_estimator.main.2.weight_step": 3.2309000492095947, "grad_2.0_norm/score_estimator.main.2.bias_step": 0.33379998803138733, "grad_2.0_norm/score_estimator.main.4.weight_step": 4.3734002113342285, "grad_2.0_norm/score_estimator.main.4.bias_step": 0.30799999833106995, "grad_2.0_norm/score_estimator.main.6.weight_step": 6.822199821472168, "grad_2.0_norm/score_estimator.main.6.bias_step": 0.5874000191688538, "grad_2.0_norm_total_step": 10.644100189208984, "epoch": 999, "trainer/global_step": 70999, "_timestamp": 1693014171.081383, "_runtime": 5129.224634885788, "_step": 3419, "elbo_estimator": -195.86343383789062, "grad_2.0_norm/score_estimator.main.0.weight_epoch": 4.456655025482178, "grad_2.0_norm/score_estimator.main.0.bias_epoch": 0.7493864893913269, "grad_2.0_norm/score_estimator.main.2.weight_epoch": 2.5516018867492676, "grad_2.0_norm/score_estimator.main.2.bias_epoch": 0.3447306156158447, "grad_2.0_norm/score_estimator.main.4.weight_epoch": 3.8486645221710205, "grad_2.0_norm/score_estimator.main.4.bias_epoch": 0.32568594813346863, "grad_2.0_norm/score_estimator.main.6.weight_epoch": 6.323297500610352, "grad_2.0_norm/score_estimator.main.6.bias_epoch": 0.6147158145904541, "grad_2.0_norm_total_epoch": 9.103538513183594, "_wandb": {"runtime": 5128}}