{"val_loss": 0.5640657544136047, "epoch": 999, "trainer/global_step": 42999, "_timestamp": 1706651059.1569955, "_runtime": 2104.883669614792, "_step": 2859, "grad_2.0_norm/mlp.main.0.weight_epoch": 0.04300197958946228, "grad_2.0_norm/mlp.main.0.bias_epoch": 0.025980502367019653, "grad_2.0_norm/mlp.main.2.weight_epoch": 0.04040345549583435, "grad_2.0_norm/mlp.main.2.bias_epoch": 0.005817733239382505, "grad_2.0_norm/mlp.main.4.weight_epoch": 0.2751418650150299, "grad_2.0_norm/mlp.main.4.bias_epoch": 0.007887049578130245, "grad_2.0_norm/mlp.main.6.weight_epoch": 1.5198808908462524, "grad_2.0_norm/mlp.main.6.bias_epoch": 0.111383818089962, "grad_2.0_norm_total_epoch": 1.5538007020950317, "train_loss": 0.4042503535747528, "grad_2.0_norm/mlp.main.0.weight_step": 0.07069999724626541, "grad_2.0_norm/mlp.main.0.bias_step": 0.031700000166893005, "grad_2.0_norm/mlp.main.2.weight_step": 0.059700001031160355, "grad_2.0_norm/mlp.main.2.bias_step": 0.008899999782443047, "grad_2.0_norm/mlp.main.4.weight_step": 0.33180001378059387, "grad_2.0_norm/mlp.main.4.bias_step": 0.006300000008195639, "grad_2.0_norm/mlp.main.6.weight_step": 2.4112000465393066, "grad_2.0_norm/mlp.main.6.bias_step": 0.002199999988079071, "grad_2.0_norm_total_step": 2.436000108718872, "_wandb": {"runtime": 2104}}