{"train_loss": 7.301784515380859, "grad_2.0_norm/score_estimator.main.0.weight_step": 6.026400089263916, "grad_2.0_norm/score_estimator.main.0.bias_step": 1.0666999816894531, "grad_2.0_norm/score_estimator.main.2.weight_step": 2.164299964904785, "grad_2.0_norm/score_estimator.main.2.bias_step": 0.4756999909877777, "grad_2.0_norm/score_estimator.main.4.weight_step": 1.8819999694824219, "grad_2.0_norm/score_estimator.main.4.bias_step": 0.20900000631809235, "grad_2.0_norm/score_estimator.main.6.weight_step": 4.896999835968018, "grad_2.0_norm/score_estimator.main.6.bias_step": 0.3206999897956848, "grad_2.0_norm_total_step": 8.36870002746582, "epoch": 999, "trainer/global_step": 70999, "_timestamp": 1694465769.6906915, "_runtime": 2357.847116470337, "_step": 3419, "elbo_estimator": -80.19034576416016, "grad_2.0_norm/score_estimator.main.0.weight_epoch": 3.2178351879119873, "grad_2.0_norm/score_estimator.main.0.bias_epoch": 0.5706743597984314, "grad_2.0_norm/score_estimator.main.2.weight_epoch": 1.2391258478164673, "grad_2.0_norm/score_estimator.main.2.bias_epoch": 0.23882462084293365, "grad_2.0_norm/score_estimator.main.4.weight_epoch": 1.1752480268478394, "grad_2.0_norm/score_estimator.main.4.bias_epoch": 0.11052247136831284, "grad_2.0_norm/score_estimator.main.6.weight_epoch": 2.951103925704956, "grad_2.0_norm/score_estimator.main.6.bias_epoch": 0.20388434827327728, "grad_2.0_norm_total_epoch": 4.735256195068359, "_wandb": {"runtime": 2357}}