{"elbo_estimator": -2.3562169075012207, "epoch": 999, "trainer/global_step": 42999, "_timestamp": 1706508629.6440647, "_runtime": 2270.8784096240997, "_step": 2859, "grad_2.0_norm/score_estimator.main.0.weight_epoch": 0.04651390761137009, "grad_2.0_norm/score_estimator.main.0.bias_epoch": 0.025503166019916534, "grad_2.0_norm/score_estimator.main.2.weight_epoch": 0.03816461190581322, "grad_2.0_norm/score_estimator.main.2.bias_epoch": 0.007179764099419117, "grad_2.0_norm/score_estimator.main.4.weight_epoch": 0.10518138110637665, "grad_2.0_norm/score_estimator.main.4.bias_epoch": 0.011151362210512161, "grad_2.0_norm/score_estimator.main.6.weight_epoch": 0.2194449007511139, "grad_2.0_norm/score_estimator.main.6.bias_epoch": 0.03698418289422989, "grad_2.0_norm_total_epoch": 0.2565203011035919, "train_loss": 0.5923791527748108, "grad_2.0_norm/score_estimator.main.0.weight_step": 0.05480000004172325, "grad_2.0_norm/score_estimator.main.0.bias_step": 0.029200000688433647, "grad_2.0_norm/score_estimator.main.2.weight_step": 0.062300000339746475, "grad_2.0_norm/score_estimator.main.2.bias_step": 0.010700000450015068, "grad_2.0_norm/score_estimator.main.4.weight_step": 0.14489999413490295, "grad_2.0_norm/score_estimator.main.4.bias_step": 0.01489999983459711, "grad_2.0_norm/score_estimator.main.6.weight_step": 0.31200000643730164, "grad_2.0_norm/score_estimator.main.6.bias_step": 0.05689999833703041, "grad_2.0_norm_total_step": 0.36010000109672546, "_wandb": {"runtime": 2270}}