{"train_loss": 0.42038199305534363, "grad_2.0_norm/mlp.time_embed.0.weight_step": 0.06599999964237213, "grad_2.0_norm/mlp.time_embed.0.bias_step": 0.05270000174641609, "grad_2.0_norm/mlp.time_embed.2.weight_step": 0.07959999889135361, "grad_2.0_norm/mlp.time_embed.2.bias_step": 0.007000000216066837, "grad_2.0_norm/mlp.state_embed.0.weight_step": 0.7986000180244446, "grad_2.0_norm/mlp.state_embed.0.bias_step": 0.12620000541210175, "grad_2.0_norm/mlp.state_embed.2.weight_step": 0.14630000293254852, "grad_2.0_norm/mlp.state_embed.2.bias_step": 0.007000000216066837, "grad_2.0_norm/mlp.mlp1.0.weight_step": 0.024900000542402267, "grad_2.0_norm/mlp.mlp1.0.bias_step": 0.0, "grad_2.0_norm/mlp.mlp1.2.weight_step": 0.013700000010430813, "grad_2.0_norm/mlp.mlp1.2.bias_step": 0.00039999998989515007, "grad_2.0_norm/mlp.mlp2.0.weight_step": 1.5543999671936035, "grad_2.0_norm/mlp.mlp2.0.bias_step": 0.0031999999191612005, "grad_2.0_norm/mlp.mlp2.2.weight_step": 3.2602999210357666, "grad_2.0_norm/mlp.mlp2.2.bias_step": 0.06750000268220901, "grad_2.0_norm_total_step": 3.706700086593628, "epoch": 199, "trainer/global_step": 14199, "_timestamp": 1705903532.881487, "_runtime": 697.5644009113312, "_step": 683, "val_loss": 0.53786700963974, "grad_2.0_norm/mlp.time_embed.0.weight_epoch": 0.029919642955064774, "grad_2.0_norm/mlp.time_embed.0.bias_epoch": 0.031060893088579178, "grad_2.0_norm/mlp.time_embed.2.weight_epoch": 0.04748052731156349, "grad_2.0_norm/mlp.time_embed.2.bias_epoch": 0.00498186657205224, "grad_2.0_norm/mlp.state_embed.0.weight_epoch": 0.6345865726470947, "grad_2.0_norm/mlp.state_embed.0.bias_epoch": 0.11810754239559174, "grad_2.0_norm/mlp.state_embed.2.weight_epoch": 0.08125752210617065, "grad_2.0_norm/mlp.state_embed.2.bias_epoch": 0.00498186657205224, "grad_2.0_norm/mlp.mlp1.0.weight_epoch": 0.012835286557674408, "grad_2.0_norm/mlp.mlp1.0.bias_epoch": 1.5644442100892775e-05, "grad_2.0_norm/mlp.mlp1.2.weight_epoch": 0.008971111848950386, "grad_2.0_norm/mlp.mlp1.2.bias_epoch": 0.00028622220270335674, "grad_2.0_norm/mlp.mlp2.0.weight_epoch": 0.5995768308639526, "grad_2.0_norm/mlp.mlp2.0.bias_epoch": 0.0011889777379110456, "grad_2.0_norm/mlp.mlp2.2.weight_epoch": 10.8371000289917, "grad_2.0_norm/mlp.mlp2.2.bias_epoch": 0.35856765508651733, "grad_2.0_norm_total_epoch": 10.901244163513184, "_wandb": {"runtime": 697}}