{"train_loss": 0.06008172035217285, "grad_2.0_norm/mlp.main.0.weight_step": 0.1298000067472458, "grad_2.0_norm/mlp.main.0.bias_step": 0.023099999874830246, "grad_2.0_norm/mlp.main.2.weight_step": 0.1396999955177307, "grad_2.0_norm/mlp.main.2.bias_step": 0.009100000374019146, "grad_2.0_norm/mlp.main.4.weight_step": 0.34850001335144043, "grad_2.0_norm/mlp.main.4.bias_step": 0.006500000134110451, "grad_2.0_norm/mlp.main.6.weight_step": 1.7826999425888062, "grad_2.0_norm/mlp.main.6.bias_step": 0.01209999993443489, "grad_2.0_norm_total_step": 1.82669997215271, "epoch": 199, "trainer/global_step": 14199, "_timestamp": 1705902692.2390077, "_runtime": 581.8234946727753, "_step": 683, "val_loss": 0.9204083681106567, "grad_2.0_norm/mlp.main.0.weight_epoch": 0.27593475580215454, "grad_2.0_norm/mlp.main.0.bias_epoch": 0.049982842057943344, "grad_2.0_norm/mlp.main.2.weight_epoch": 0.2549000084400177, "grad_2.0_norm/mlp.main.2.bias_epoch": 0.01549288909882307, "grad_2.0_norm/mlp.main.4.weight_epoch": 0.5694038271903992, "grad_2.0_norm/mlp.main.4.bias_epoch": 0.010044177994132042, "grad_2.0_norm/mlp.main.6.weight_epoch": 1.7184168100357056, "grad_2.0_norm/mlp.main.6.bias_epoch": 0.09178140014410019, "grad_2.0_norm_total_epoch": 1.8760242462158203, "_wandb": {"runtime": 581}}