{"train_loss": 0.027949504554271698, "grad_2.0_norm/mlp.lstm.weight_ih_l0_step": 0.15950000286102295, "grad_2.0_norm/mlp.lstm.weight_hh_l0_step": 0.04820000007748604, "grad_2.0_norm/mlp.lstm.bias_ih_l0_step": 0.020500000566244125, "grad_2.0_norm/mlp.lstm.bias_hh_l0_step": 0.020500000566244125, "grad_2.0_norm/mlp.linear1.weight_step": 0.07199999690055847, "grad_2.0_norm/mlp.linear1.bias_step": 0.014999999664723873, "grad_2.0_norm/mlp.linear2.weight_step": 0.5060999989509583, "grad_2.0_norm/mlp.linear2.bias_step": 0.1136000007390976, "grad_2.0_norm_total_step": 0.5504999756813049, "epoch": 999, "trainer/global_step": 119999, "_timestamp": 1709063841.995471, "_runtime": 3995.098273038864, "_step": 4399, "val_loss": 0.44599536061286926, "grad_2.0_norm/mlp.lstm.weight_ih_l0_epoch": 0.05081743374466896, "grad_2.0_norm/mlp.lstm.weight_hh_l0_epoch": 0.04983501136302948, "grad_2.0_norm/mlp.lstm.bias_ih_l0_epoch": 0.009641779586672783, "grad_2.0_norm/mlp.lstm.bias_hh_l0_epoch": 0.009641779586672783, "grad_2.0_norm/mlp.linear1.weight_epoch": 0.04269114509224892, "grad_2.0_norm/mlp.linear1.bias_epoch": 0.010582317598164082, "grad_2.0_norm/mlp.linear2.weight_epoch": 0.404159814119339, "grad_2.0_norm/mlp.linear2.bias_epoch": 0.055764708667993546, "grad_2.0_norm_total_epoch": 0.42942529916763306, "_wandb": {"runtime": 3994}}