{"train_loss": 7.098463535308838, "grad_2.0_norm/score_estimator.main.0.weight_step": 5.349400043487549, "grad_2.0_norm/score_estimator.main.0.bias_step": 0.9545000195503235, "grad_2.0_norm/score_estimator.main.2.weight_step": 2.136699914932251, "grad_2.0_norm/score_estimator.main.2.bias_step": 0.37610000371932983, "grad_2.0_norm/score_estimator.main.4.weight_step": 1.9743000268936157, "grad_2.0_norm/score_estimator.main.4.bias_step": 0.17409999668598175, "grad_2.0_norm/score_estimator.main.6.weight_step": 6.054200172424316, "grad_2.0_norm/score_estimator.main.6.bias_step": 0.3560999929904938, "grad_2.0_norm_total_step": 8.656999588012695, "epoch": 999, "trainer/global_step": 70999, "_timestamp": 1705730734.818983, "_runtime": 2833.8101410865784, "_step": 3419, "elbo_estimator": -68.15862274169922, "grad_2.0_norm/score_estimator.main.0.weight_epoch": 3.309095621109009, "grad_2.0_norm/score_estimator.main.0.bias_epoch": 0.6058749556541443, "grad_2.0_norm/score_estimator.main.2.weight_epoch": 1.3821073770523071, "grad_2.0_norm/score_estimator.main.2.bias_epoch": 0.2225312739610672, "grad_2.0_norm/score_estimator.main.4.weight_epoch": 1.2539575099945068, "grad_2.0_norm/score_estimator.main.4.bias_epoch": 0.09281431138515472, "grad_2.0_norm/score_estimator.main.6.weight_epoch": 3.6533191204071045, "grad_2.0_norm/score_estimator.main.6.bias_epoch": 0.1987495869398117, "grad_2.0_norm_total_epoch": 5.316461086273193, "_wandb": {"runtime": 2833}}