{"train_loss": 2.7964205741882324, "grad_2.0_norm/score_estimator.main.0.weight_step": 6.718599796295166, "grad_2.0_norm/score_estimator.main.0.bias_step": 1.5357999801635742, "grad_2.0_norm/score_estimator.main.2.weight_step": 2.7253000736236572, "grad_2.0_norm/score_estimator.main.2.bias_step": 0.30550000071525574, "grad_2.0_norm/score_estimator.main.4.weight_step": 2.3141000270843506, "grad_2.0_norm/score_estimator.main.4.bias_step": 0.22059999406337738, "grad_2.0_norm/score_estimator.main.6.weight_step": 2.9372000694274902, "grad_2.0_norm/score_estimator.main.6.bias_step": 0.4341000020503998, "grad_2.0_norm_total_step": 8.320899963378906, "epoch": 999, "trainer/global_step": 231999, "_timestamp": 1693016296.7705731, "_runtime": 7253.301030158997, "_step": 6639, "elbo_estimator": 29.0135555267334, "grad_2.0_norm/score_estimator.main.0.weight_epoch": 4.091231346130371, "grad_2.0_norm/score_estimator.main.0.bias_epoch": 1.019533634185791, "grad_2.0_norm/score_estimator.main.2.weight_epoch": 1.5597636699676514, "grad_2.0_norm/score_estimator.main.2.bias_epoch": 0.21026800572872162, "grad_2.0_norm/score_estimator.main.4.weight_epoch": 1.5120701789855957, "grad_2.0_norm/score_estimator.main.4.bias_epoch": 0.16545996069908142, "grad_2.0_norm/score_estimator.main.6.weight_epoch": 2.3026680946350098, "grad_2.0_norm/score_estimator.main.6.bias_epoch": 0.3526993989944458, "grad_2.0_norm_total_epoch": 5.332151889801025, "_wandb": {"runtime": 7252}}